<?xml version="1.0" encoding="UTF-8"?>
<project-private xmlns="http://www.netbeans.org/ns/project-private/1">
    <editor-bookmarks xmlns="http://www.netbeans.org/ns/editor-bookmarks/2" lastBookmarkId="0"/>
    <open-files xmlns="http://www.netbeans.org/ns/projectui-open-files/2">
        <group>
            <file>file:/home/ixjosemi/MEGASync/Third/First_Quart/FR/practices/TrackingPackages/src/trackingpackages/BDTracking.java</file>
            <file>file:/home/ixjosemi/MEGASync/Third/First_Quart/FR/practices/TrackingPackages/src/trackingpackages/TrackingPackages.java</file>
            <file>file:/home/ixjosemi/MEGASync/Third/First_Quart/FR/practices/TrackingPackages/src/trackingpackages/Servidor.java</file>
            <file>file:/home/ixjosemi/MEGASync/Third/First_Quart/FR/practices/TrackingPackages/src/trackingpackages/Tracking.java</file>
        </group>
    </open-files>
</project-private>
